timestamp,commit,pr,subject,suite,module,lines_covered,lines_total,line_pct,branches_covered,branches_total,branch_pct,instructions_covered,instructions_total,instruction_pct
2026-09-15T15:14:46Z,51e9e43,1772,chore(ci): harden Gemini issue triage against prompt injection,unit,clustering,553,1779,31.08,169,834,20.26,3115,9947,31.32
2026-09-15T15:14:46Z,51e9e43,1772,chore(ci): harden Gemini issue triage against prompt injection,unit,data,1309,2642,49.55,797,2223,35.85,9451,19410,48.69
2026-09-15T15:14:46Z,51e9e43,1772,chore(ci): harden Gemini issue triage against prompt injection,unit,heatmaps,242,275,88.0,120,146,82.19,1685,1912,88.13
2026-09-15T15:14:46Z,51e9e43,1772,chore(ci): harden Gemini issue triage against prompt injection,unit,library,512,561,91.27,211,260,81.15,2890,3168,91.22
2026-09-15T15:14:46Z,51e9e43,1772,chore(ci): harden Gemini issue triage against prompt injection,unit,ui,115,148,77.7,43,66,65.15,561,745,75.3
2026-09-15T15:14:46Z,51e9e43,1772,chore(ci): harden Gemini issue triage against prompt injection,unit,TOTAL,2731,5405,50.53,1340,3529,37.97,17702,35182,50.32
2026-09-15T23:03:49Z,6015319,1778,ci: record unit test coverage history,unit,clustering,553,1779,31.08,170,834,20.38,3115,9947,31.32
2026-09-15T23:03:49Z,6015319,1778,ci: record unit test coverage history,unit,data,1309,2642,49.55,797,2223,35.85,9451,19410,48.69
2026-09-15T23:03:49Z,6015319,1778,ci: record unit test coverage history,unit,heatmaps,242,275,88.0,120,146,82.19,1685,1912,88.13
2026-09-15T23:03:49Z,6015319,1778,ci: record unit test coverage history,unit,library,512,561,91.27,211,260,81.15,2890,3168,91.22
2026-09-15T23:03:49Z,6015319,1778,ci: record unit test coverage history,unit,ui,115,148,77.7,43,66,65.15,561,745,75.3
2026-09-15T23:03:49Z,6015319,1778,ci: record unit test coverage history,unit,TOTAL,2731,5405,50.53,1341,3529,38.0,17702,35182,50.32
2026-09-16T10:07:38Z,3884f22,1783,build(deps): bump androidx.compose:compose-bom,unit,clustering,553,1779,31.08,171,834,20.5,3115,9947,31.32
2026-09-16T10:07:38Z,3884f22,1783,build(deps): bump androidx.compose:compose-bom,unit,data,1309,2642,49.55,797,2223,35.85,9451,19410,48.69
2026-09-16T10:07:38Z,3884f22,1783,build(deps): bump androidx.compose:compose-bom,unit,heatmaps,242,275,88.0,120,146,82.19,1685,1912,88.13
2026-09-16T10:07:38Z,3884f22,1783,build(deps): bump androidx.compose:compose-bom,unit,library,512,561,91.27,211,260,81.15,2890,3168,91.22
2026-09-16T10:07:38Z,3884f22,1783,build(deps): bump androidx.compose:compose-bom,unit,ui,115,148,77.7,43,66,65.15,561,745,75.3
2026-09-16T10:07:38Z,3884f22,1783,build(deps): bump androidx.compose:compose-bom,unit,TOTAL,2731,5405,50.53,1342,3529,38.03,17702,35182,50.32
2026-09-18T16:30:00Z,9056fd9,1785,feat: add polygon z-index support,unit,clustering,553,1779,31.08,169,834,20.26,3115,9947,31.32
2026-09-18T16:30:00Z,9056fd9,1785,feat: add polygon z-index support,unit,data,1311,2644,49.58,797,2223,35.85,9473,19433,48.75
2026-09-18T16:30:00Z,9056fd9,1785,feat: add polygon z-index support,unit,heatmaps,242,275,88.0,120,146,82.19,1685,1912,88.13
2026-09-18T16:30:00Z,9056fd9,1785,feat: add polygon z-index support,unit,library,512,561,91.27,211,260,81.15,2890,3168,91.22
2026-09-18T16:30:00Z,9056fd9,1785,feat: add polygon z-index support,unit,ui,115,148,77.7,43,66,65.15,561,745,75.3
2026-09-18T16:30:00Z,9056fd9,1785,feat: add polygon z-index support,unit,TOTAL,2733,5407,50.55,1340,3529,37.97,17724,35205,50.35
2026-09-18T21:13:43Z,a70f257,1781,build(deps): bump actions/setup-java from 5.7.0 to 6.0.1,unit,clustering,553,1779,31.08,170,834,20.38,3115,9947,31.32
2026-09-18T21:13:43Z,a70f257,1781,build(deps): bump actions/setup-java from 5.7.0 to 6.0.1,unit,data,1311,2644,49.58,797,2223,35.85,9473,19433,48.75
2026-09-18T21:13:43Z,a70f257,1781,build(deps): bump actions/setup-java from 5.7.0 to 6.0.1,unit,heatmaps,242,275,88.0,120,146,82.19,1685,1912,88.13
2026-09-18T21:13:43Z,a70f257,1781,build(deps): bump actions/setup-java from 5.7.0 to 6.0.1,unit,library,512,561,91.27,211,260,81.15,2890,3168,91.22
2026-09-18T21:13:43Z,a70f257,1781,build(deps): bump actions/setup-java from 5.7.0 to 6.0.1,unit,ui,115,148,77.7,43,66,65.15,561,745,75.3
2026-09-18T21:13:43Z,a70f257,1781,build(deps): bump actions/setup-java from 5.7.0 to 6.0.1,unit,TOTAL,2733,5407,50.55,1341,3529,38.0,17724,35205,50.35
2026-09-21T08:20:37Z,5557301,1762,build(deps): bump com.google.android.libraries.navigation:navigation,unit,clustering,553,1779,31.08,169,834,20.26,3115,9947,31.32
2026-09-21T08:20:37Z,5557301,1762,build(deps): bump com.google.android.libraries.navigation:navigation,unit,data,1311,2644,49.58,797,2223,35.85,9473,19433,48.75
2026-09-21T08:20:37Z,5557301,1762,build(deps): bump com.google.android.libraries.navigation:navigation,unit,heatmaps,242,275,88.0,120,146,82.19,1685,1912,88.13
2026-09-21T08:20:37Z,5557301,1762,build(deps): bump com.google.android.libraries.navigation:navigation,unit,library,512,561,91.27,211,260,81.15,2890,3168,91.22
2026-09-21T08:20:37Z,5557301,1762,build(deps): bump com.google.android.libraries.navigation:navigation,unit,ui,115,148,77.7,43,66,65.15,561,745,75.3
2026-09-21T08:20:37Z,5557301,1762,build(deps): bump com.google.android.libraries.navigation:navigation,unit,TOTAL,2733,5407,50.55,1340,3529,37.97,17724,35205,50.35
2026-09-22T14:48:21Z,c3fa410,1787,feat: add z-index support across geometry styles and layer mappers,unit,clustering,553,1779,31.08,170,834,20.38,3115,9947,31.32
2026-09-22T14:48:21Z,c3fa410,1787,feat: add z-index support across geometry styles and layer mappers,unit,data,1392,2658,52.37,834,2241,37.22,9921,19509,50.85
2026-09-22T14:48:21Z,c3fa410,1787,feat: add z-index support across geometry styles and layer mappers,unit,heatmaps,242,275,88.0,120,146,82.19,1685,1912,88.13
2026-09-22T14:48:21Z,c3fa410,1787,feat: add z-index support across geometry styles and layer mappers,unit,library,512,561,91.27,211,260,81.15,2890,3168,91.22
2026-09-22T14:48:21Z,c3fa410,1787,feat: add z-index support across geometry styles and layer mappers,unit,ui,115,148,77.7,43,66,65.15,561,745,75.3
2026-09-22T14:48:21Z,c3fa410,1787,feat: add z-index support across geometry styles and layer mappers,unit,TOTAL,2814,5421,51.91,1378,3547,38.85,18172,35281,51.51
2026-09-22T18:25:27Z,2e33859,1789,ci: group dependabot minor and patch updates,unit,clustering,553,1779,31.08,170,834,20.38,3115,9947,31.32
2026-09-22T18:25:27Z,2e33859,1789,ci: group dependabot minor and patch updates,unit,data,1392,2658,52.37,834,2241,37.22,9921,19509,50.85
2026-09-22T18:25:27Z,2e33859,1789,ci: group dependabot minor and patch updates,unit,heatmaps,242,275,88.0,120,146,82.19,1685,1912,88.13
2026-09-22T18:25:27Z,2e33859,1789,ci: group dependabot minor and patch updates,unit,library,512,561,91.27,211,260,81.15,2890,3168,91.22
2026-09-22T18:25:27Z,2e33859,1789,ci: group dependabot minor and patch updates,unit,ui,115,148,77.7,43,66,65.15,561,745,75.3
2026-09-22T18:25:27Z,2e33859,1789,ci: group dependabot minor and patch updates,unit,TOTAL,2814,5421,51.91,1378,3547,38.85,18172,35281,51.51
2026-09-23T04:26:59Z,651c6e0,1791,build(deps): bump org.robolectric:robolectric,unit,clustering,553,1779,31.08,170,834,20.38,3115,9947,31.32
2026-09-23T04:26:59Z,651c6e0,1791,build(deps): bump org.robolectric:robolectric,unit,data,1392,2658,52.37,834,2241,37.22,9921,19509,50.85
2026-09-23T04:26:59Z,651c6e0,1791,build(deps): bump org.robolectric:robolectric,unit,heatmaps,242,275,88.0,120,146,82.19,1685,1912,88.13
2026-09-23T04:26:59Z,651c6e0,1791,build(deps): bump org.robolectric:robolectric,unit,library,512,561,91.27,211,260,81.15,2890,3168,91.22
2026-09-23T04:26:59Z,651c6e0,1791,build(deps): bump org.robolectric:robolectric,unit,ui,115,148,77.7,43,66,65.15,561,745,75.3
2026-09-23T04:26:59Z,651c6e0,1791,build(deps): bump org.robolectric:robolectric,unit,TOTAL,2814,5421,51.91,1378,3547,38.85,18172,35281,51.51
2026-09-23T15:47:55Z,51c59bf,1775,ci: support GEMINI_MODEL repository variable in triage-issue workflow,unit,clustering,553,1779,31.08,170,834,20.38,3115,9947,31.32
2026-09-23T15:47:55Z,51c59bf,1775,ci: support GEMINI_MODEL repository variable in triage-issue workflow,unit,data,1392,2658,52.37,834,2241,37.22,9921,19509,50.85
2026-09-23T15:47:55Z,51c59bf,1775,ci: support GEMINI_MODEL repository variable in triage-issue workflow,unit,heatmaps,242,275,88.0,120,146,82.19,1685,1912,88.13
2026-09-23T15:47:55Z,51c59bf,1775,ci: support GEMINI_MODEL repository variable in triage-issue workflow,unit,library,512,561,91.27,211,260,81.15,2890,3168,91.22
2026-09-23T15:47:55Z,51c59bf,1775,ci: support GEMINI_MODEL repository variable in triage-issue workflow,unit,ui,115,148,77.7,43,66,65.15,561,745,75.3
2026-09-23T15:47:55Z,51c59bf,1775,ci: support GEMINI_MODEL repository variable in triage-issue workflow,unit,TOTAL,2814,5421,51.91,1378,3547,38.85,18172,35281,51.51
2026-09-24T14:16:04Z,56b3c24,1792,fix(data): enforce decompression limit and reject payload on KMZ directory entries,unit,clustering,553,1779,31.08,170,834,20.38,3115,9947,31.32
2026-09-24T14:16:04Z,56b3c24,1792,fix(data): enforce decompression limit and reject payload on KMZ directory entries,unit,data,1402,2663,52.65,840,2245,37.42,9961,19531,51.0
2026-09-24T14:16:04Z,56b3c24,1792,fix(data): enforce decompression limit and reject payload on KMZ directory entries,unit,heatmaps,242,275,88.0,120,146,82.19,1685,1912,88.13
2026-09-24T14:16:04Z,56b3c24,1792,fix(data): enforce decompression limit and reject payload on KMZ directory entries,unit,library,512,561,91.27,211,260,81.15,2890,3168,91.22
2026-09-24T14:16:04Z,56b3c24,1792,fix(data): enforce decompression limit and reject payload on KMZ directory entries,unit,ui,115,148,77.7,43,66,65.15,561,745,75.3
2026-09-24T14:16:04Z,56b3c24,1792,fix(data): enforce decompression limit and reject payload on KMZ directory entries,unit,TOTAL,2824,5426,52.05,1384,3551,38.97,18212,35303,51.59
2026-09-30T14:44:45Z,50e88c9,1801,feat(library): add flexible polyline encoding and decoding,unit,clustering,553,1779,31.08,171,834,20.5,3115,9947,31.32
2026-09-30T14:44:45Z,50e88c9,1801,feat(library): add flexible polyline encoding and decoding,unit,data,1402,2663,52.65,840,2245,37.42,9961,19531,51.0
2026-09-30T14:44:45Z,50e88c9,1801,feat(library): add flexible polyline encoding and decoding,unit,heatmaps,242,275,88.0,120,146,82.19,1685,1912,88.13
2026-09-30T14:44:45Z,50e88c9,1801,feat(library): add flexible polyline encoding and decoding,unit,library,649,702,92.45,274,334,82.04,3693,3989,92.58
2026-09-30T14:44:45Z,50e88c9,1801,feat(library): add flexible polyline encoding and decoding,unit,ui,115,148,77.7,43,66,65.15,561,745,75.3
2026-09-30T14:44:45Z,50e88c9,1801,feat(library): add flexible polyline encoding and decoding,unit,TOTAL,2961,5567,53.19,1448,3625,39.94,19015,36124,52.64
2026-09-30T20:26:06Z,f805f5e,1803,fix(library): match reference rounding and unsigned varints in flexible polyline,unit,clustering,553,1779,31.08,171,834,20.5,3115,9947,31.32
2026-09-30T20:26:06Z,f805f5e,1803,fix(library): match reference rounding and unsigned varints in flexible polyline,unit,data,1402,2663,52.65,840,2245,37.42,9961,19531,51.0
2026-09-30T20:26:06Z,f805f5e,1803,fix(library): match reference rounding and unsigned varints in flexible polyline,unit,heatmaps,242,275,88.0,120,146,82.19,1685,1912,88.13
2026-09-30T20:26:06Z,f805f5e,1803,fix(library): match reference rounding and unsigned varints in flexible polyline,unit,library,651,704,92.47,276,336,82.14,3706,4002,92.6
2026-09-30T20:26:06Z,f805f5e,1803,fix(library): match reference rounding and unsigned varints in flexible polyline,unit,ui,115,148,77.7,43,66,65.15,561,745,75.3
2026-09-30T20:26:06Z,f805f5e,1803,fix(library): match reference rounding and unsigned varints in flexible polyline,unit,TOTAL,2963,5569,53.21,1450,3627,39.98,19028,36137,52.66
2026-09-30T22:24:57Z,657fc55,1802,"build(deps): update AGP, Android Lint, Kover, Ktor, and core-ktx to latest stable versions",unit,clustering,553,1779,31.08,170,834,20.38,3115,9947,31.32
2026-09-30T22:24:57Z,657fc55,1802,"build(deps): update AGP, Android Lint, Kover, Ktor, and core-ktx to latest stable versions",unit,data,1402,2663,52.65,840,2245,37.42,9961,19531,51.0
2026-09-30T22:24:57Z,657fc55,1802,"build(deps): update AGP, Android Lint, Kover, Ktor, and core-ktx to latest stable versions",unit,heatmaps,242,275,88.0,120,146,82.19,1685,1912,88.13
2026-09-30T22:24:57Z,657fc55,1802,"build(deps): update AGP, Android Lint, Kover, Ktor, and core-ktx to latest stable versions",unit,library,651,704,92.47,276,336,82.14,3706,4002,92.6
2026-09-30T22:24:57Z,657fc55,1802,"build(deps): update AGP, Android Lint, Kover, Ktor, and core-ktx to latest stable versions",unit,ui,115,148,77.7,43,66,65.15,561,745,75.3
2026-09-30T22:24:57Z,657fc55,1802,"build(deps): update AGP, Android Lint, Kover, Ktor, and core-ktx to latest stable versions",unit,TOTAL,2963,5569,53.21,1449,3627,39.95,19028,36137,52.66
2026-09-30T23:40:41Z,de264f8,1716,feat!: migrate android-maps-ktx into android-maps-utils (v6.0.0),unit,clustering,607,1849,32.83,180,852,21.13,3410,10253,33.26
2026-09-30T23:40:41Z,de264f8,1716,feat!: migrate android-maps-ktx into android-maps-utils (v6.0.0),unit,data,1678,2938,57.11,946,2445,38.69,11325,20860,54.29
2026-09-30T23:40:41Z,de264f8,1716,feat!: migrate android-maps-ktx into android-maps-utils (v6.0.0),unit,heatmaps,257,314,81.85,134,162,82.72,1830,2065,88.62
2026-09-30T23:40:41Z,de264f8,1716,feat!: migrate android-maps-ktx into android-maps-utils (v6.0.0),unit,library,1023,1172,87.29,311,374,83.16,5880,6562,89.61
2026-09-30T23:40:41Z,de264f8,1716,feat!: migrate android-maps-ktx into android-maps-utils (v6.0.0),unit,ui,122,151,80.79,48,68,70.59,639,791,80.78
2026-09-30T23:40:41Z,de264f8,1716,feat!: migrate android-maps-ktx into android-maps-utils (v6.0.0),unit,TOTAL,3687,6424,57.39,1619,3901,41.5,23084,40531,56.95
